region,state,state_abbrev,debt_2014,debt_2015,debt_2016,debt_2017,debt_2018,debt_2019
Städteregion Aachen,Nordrhein-Westfalen,SV,11.02,11.06,10.94,11.21,11.11,11.18
Ahrweiler,Rheinland-Pfalz,LK,8.72,8.6,8.32,8.61,8.65,8.67
Aichach-Friedberg,Bayern,LK,5.27,5.19,5.17,5.58,5.62,5.61
Alb-Donau-Kreis,Baden-Württemberg,LK,5.72,5.8,5.9,6.22,6.38,6.49
Altenburger Land,Thüringen,LK,8.29,8.66,8.72,8.84,8.87,8.95
Altenkirchen (Westerwald),Rheinland-Pfalz,LK,11.43,11.58,11.09,11.57,11.49,11.56
Altmarkkreis Salzwedel,Sachsen-Anhalt,LK,11.85,11.79,11.7,12.1,12.31,12.28
Altötting,Bayern,LK,6.62,6.84,6.94,7.02,7.01,7.02
Alzey-Worms,Rheinland-Pfalz,LK,9.65,9.66,9.65,9.71,9.4,9.27
"Amberg, Stadt",Bayern,KS,9.15,9.14,9.43,10.31,10.25,10.1
Amberg-Sulzbach,Bayern,LK,5.52,5.71,5.86,6.08,6.17,6.0
Ammerland,Niedersachsen,LK,8.84,8.83,8.6,8.58,8.39,8.29
Anhalt-Bitterfeld,Sachsen-Anhalt,LK,11.62,11.79,12.0,12.25,12.48,12.66
Ansbach,Bayern,LK,5.46,5.56,5.65,5.93,6.1,6.17
"Ansbach, Stadt",Bayern,KS,9.31,9.57,9.99,10.66,10.56,10.52
Aschaffenburg,Bayern,LK,6.75,6.79,6.84,7.02,7.14,7.23
"Aschaffenburg, Stadt",Bayern,KS,10.64,10.57,10.56,10.85,10.99,11.4
Augsburg,Bayern,LK,6.16,6.25,6.38,6.51,6.55,6.49
"Augsburg, Stadt",Bayern,KS,11.04,10.89,10.92,11.21,11.26,10.96
Aurich,Niedersachsen,LK,10.6,10.62,10.47,10.64,10.67,10.74
Bad Dürkheim,Rheinland-Pfalz,LK,9.06,9.07,9.11,9.21,9.12,8.96
Bad Kissingen,Bayern,LK,6.19,6.2,6.24,6.38,6.49,6.56
Bad Kreuznach,Rheinland-Pfalz,LK,10.11,10.2,9.96,9.99,9.93,9.95
Bad Tölz-Wolfratshausen,Bayern,LK,6.45,6.39,6.57,6.61,6.72,6.6
"Baden-Baden, Stadt",Baden-Württemberg,SK,8.89,9.17,9.64,10.2,10.2,10.35
Bamberg,Bayern,LK,6.02,6.03,5.98,6.15,6.13,6.0
"Bamberg, Stadt",Bayern,KS,8.66,8.54,8.31,8.61,8.51,8.12
Barnim,Brandenburg,LK,9.84,9.74,9.7,9.73,9.6,9.55
Bautzen,Sachsen,LK,7.14,7.45,7.77,8.01,8.11,8.1
Bayreuth,Bayern,LK,6.13,6.19,6.3,6.38,6.45,6.33
"Bayreuth, Stadt",Bayern,KS,9.41,9.27,9.16,9.72,9.92,9.74
Berchtesgadener Land,Bayern,LK,6.53,6.41,6.49,6.74,6.76,6.74
Bergstraße,Hessen,LK,8.84,8.89,8.9,8.95,8.83,8.86
"Berlin, Stadt",Berlin,KS,13.12,13.02,12.99,12.74,12.63,12.42
Bernkastel-Wittlich,Rheinland-Pfalz,LK,8.0,8.15,7.95,8.41,8.36,8.49
Biberach,Baden-Württemberg,LK,6.03,6.17,6.3,6.52,6.61,6.73
"Bielefeld, Stadt",Nordrhein-Westfalen,KS,11.5,11.42,10.94,11.45,11.35,11.35
Birkenfeld,Rheinland-Pfalz,LK,10.26,10.52,10.44,10.75,10.79,10.84
Böblingen,Baden-Württemberg,LK,6.72,6.85,6.96,7.1,6.96,6.85
"Bochum, Stadt",Nordrhein-Westfalen,KS,11.97,12.23,12.33,12.56,12.46,12.6
Bodenseekreis,Baden-Württemberg,LK,7.19,7.19,7.08,7.31,7.37,7.4
"Bonn, Stadt",Nordrhein-Westfalen,KS,9.38,9.24,9.22,9.11,9.0,8.87
Börde,Sachsen-Anhalt,LK,10.62,10.76,10.6,10.71,10.71,10.76
Borken,Nordrhein-Westfalen,K,8.79,8.83,8.69,8.66,8.59,8.63
"Bottrop, Stadt",Nordrhein-Westfalen,KS,11.09,11.48,11.79,11.72,11.77,11.73
"Brandenburg an der Havel, Stadt",Brandenburg,KS,15.36,15.69,15.97,16.05,15.91,15.72
"Braunschweig, Stadt",Niedersachsen,KS,10.62,10.47,10.22,9.87,9.61,9.67
Breisgau-Hochschwarzwald,Baden-Württemberg,LK,7.02,7.04,7.08,7.29,7.31,7.25
"Bremen, Stadt",Bremen,KS,12.67,12.69,12.76,12.67,12.6,12.51
"Bremerhaven, Stadt",Bremen,KS,19.84,20.41,20.82,20.8,20.79,21.22
Burgenlandkreis,Sachsen-Anhalt,LK,10.74,11.04,11.27,11.43,11.54,11.56
Calw,Baden-Württemberg,LK,8.02,8.38,8.58,8.78,8.66,8.77
Celle,Niedersachsen,LK,11.9,12.05,12.06,12.16,11.96,11.89
Cham,Bayern,LK,5.88,5.97,5.89,6.04,6.07,6.08
"Chemnitz, Stadt",Sachsen,KS,10.22,10.66,11.15,11.39,11.57,11.78
Cloppenburg,Niedersachsen,LK,9.11,9.16,9.13,9.34,9.33,9.57
Coburg,Bayern,LK,7.94,7.88,7.75,7.73,7.69,7.7
"Coburg, Stadt",Bayern,KS,9.7,9.48,9.31,9.3,9.31,9.34
Cochem-Zell,Rheinland-Pfalz,LK,7.69,7.66,7.53,8.05,8.21,8.43
Coesfeld,Nordrhein-Westfalen,K,7.4,7.4,7.39,7.37,7.2,7.19
"Cottbus, Stadt",Brandenburg,KS,11.08,11.21,11.2,11.41,11.65,11.39
Cuxhaven,Niedersachsen,LK,10.88,10.92,10.89,10.43,10.77,10.73
Dachau,Bayern,LK,6.14,6.1,6.18,6.17,6.22,6.17
Dahme-Spreewald,Brandenburg,LK,9.52,9.59,9.6,9.67,9.44,9.19
"Darmstadt, Wissenschaftsstadt",Hessen,KS,9.23,8.93,8.97,8.98,8.88,8.7
Darmstadt-Dieburg,Hessen,LK,8.31,8.39,8.45,8.64,8.58,8.55
Deggendorf,Bayern,LK,6.92,6.89,6.99,7.28,7.58,7.45
"Delmenhorst, Stadt",Niedersachsen,KS,15.53,15.59,15.46,15.32,15.34,15.57
"Dessau-Roßlau, Stadt",Sachsen-Anhalt,KS,12.29,12.44,12.64,12.76,12.82,12.87
Diepholz,Niedersachsen,LK,9.23,9.28,9.28,9.48,9.41,9.39
Dillingen a.d.Donau,Bayern,LK,6.48,6.55,6.64,6.68,6.7,6.68
Dingolfing-Landau,Bayern,LK,6.03,6.04,6.1,6.16,6.37,6.45
Dithmarschen,Schleswig-Holstein,K,12.52,12.8,12.43,12.78,12.78,12.84
Donau-Ries,Bayern,LK,5.17,5.16,5.24,5.65,5.67,5.65
Donnersbergkreis,Rheinland-Pfalz,LK,10.87,11.06,11.04,11.44,11.46,11.41
"Dortmund, Stadt",Nordrhein-Westfalen,KS,14.01,14.26,14.3,14.46,14.44,14.44
"Dresden, Stadt",Sachsen,KS,8.91,8.95,9.25,9.43,9.39,9.27
"Duisburg, Stadt",Nordrhein-Westfalen,KS,15.36,15.86,16.2,16.64,17.08,17.2
Düren,Nordrhein-Westfalen,K,11.53,11.75,11.75,11.91,11.91,11.98
"Düsseldorf, Stadt",Nordrhein-Westfalen,KS,12.47,12.4,12.35,12.31,12.12,12.09
Ebersberg,Bayern,LK,5.57,5.49,5.67,5.8,5.87,5.99
Eichsfeld,Thüringen,LK,6.19,6.27,6.34,6.33,6.32,6.14
Eichstätt,Bayern,LK,3.71,3.67,3.74,3.79,3.77,3.85
Eifelkreis Bitburg-Prüm,Rheinland-Pfalz,LK,7.72,7.7,7.13,7.92,8.15,8.45
"Eisenach, Stadt",Thüringen,KS,11.87,12.16,12.24,12.23,12.06,11.91
Elbe-Elster,Brandenburg,LK,8.51,8.61,8.67,8.91,8.92,8.99
"Emden, Stadt",Niedersachsen,KS,13.57,13.91,13.81,13.86,13.8,14.03
Emmendingen,Baden-Württemberg,LK,6.98,6.99,7.04,7.13,7.12,7.08
Emsland,Niedersachsen,LK,8.35,8.49,8.51,8.85,8.86,8.95
Ennepe-Ruhr-Kreis,Nordrhein-Westfalen,K,10.66,10.81,10.89,10.94,10.95,11.04
Enzkreis,Baden-Württemberg,LK,6.69,6.84,6.85,7.24,7.23,7.12
Erding,Bayern,LK,6.24,6.15,6.15,6.32,6.41,6.34
"Erfurt, Stadt",Thüringen,KS,11.48,11.45,11.4,11.29,11.17,11.19
"Erlangen, Stadt",Bayern,KS,5.99,5.99,6.12,6.62,6.87,6.88
Erlangen-Höchstadt,Bayern,LK,4.63,4.76,4.81,4.93,4.99,4.99
Erzgebirgskreis,Sachsen,LK,6.85,7.42,7.85,7.99,8.15,8.09
"Essen, Stadt",Nordrhein-Westfalen,KS,12.8,13.15,12.95,13.59,13.76,13.96
Esslingen,Baden-Württemberg,LK,7.22,7.45,7.46,7.62,7.4,7.29
Euskirchen,Nordrhein-Westfalen,K,10.86,10.9,10.87,11.03,11.04,11.03
"Flensburg, Stadt",Schleswig-Holstein,KS,16.41,16.4,16.21,16.17,16.21,16.24
Forchheim,Bayern,LK,5.88,5.9,5.95,6.07,6.18,6.05
"Frankenthal (Pfalz), kreisfreie Stadt",Rheinland-Pfalz,KS,12.49,12.39,12.56,13.01,13.05,13.17
"Frankfurt (Oder), Stadt",Brandenburg,KS,12.77,12.72,12.7,12.75,12.64,12.61
"Frankfurt am Main, Stadt",Hessen,KS,11.04,10.9,10.9,10.75,10.58,10.74
"Freiburg im Breisgau, Stadt",Baden-Württemberg,SK,7.92,7.79,7.76,8.1,8.18,8.26
Freising,Bayern,LK,6.48,6.5,6.63,6.9,7.05,6.89
Freudenstadt,Baden-Württemberg,LK,6.92,7.41,7.66,7.74,7.7,7.67
Freyung-Grafenau,Bayern,LK,5.58,5.77,5.91,6.08,6.14,6.13
Friesland,Niedersachsen,LK,10.04,10.03,9.96,10.03,10.14,9.93
Fulda,Hessen,LK,7.52,7.6,7.65,7.77,7.71,7.7
Fürstenfeldbruck,Bayern,LK,6.3,6.19,6.28,6.41,6.53,6.42
Fürth,Bayern,LK,5.78,5.95,6.17,6.41,6.48,6.32
"Fürth, Stadt",Bayern,KS,10.79,10.88,11.26,11.71,11.91,11.83
Garmisch-Partenkirchen,Bayern,LK,7.23,7.19,7.2,7.43,7.5,7.42
"Gelsenkirchen, Stadt",Nordrhein-Westfalen,KS,16.23,16.78,16.72,17.67,17.76,17.88
"Gera, Stadt",Thüringen,KS,11.62,11.9,11.88,11.84,11.77,11.85
Germersheim,Rheinland-Pfalz,LK,8.73,8.65,8.71,8.81,8.79,8.84
Gießen,Hessen,LK,9.23,9.24,9.22,9.0,8.98,9.12
Gifhorn,Niedersachsen,LK,9.02,8.98,8.81,9.0,8.85,8.74
Göppingen,Baden-Württemberg,LK,7.91,8.04,8.22,8.45,8.52,8.48
Görlitz,Sachsen,LK,7.61,8.04,8.33,8.67,8.86,8.94
Goslar,Niedersachsen,LK,12.74,12.88,12.82,12.6,12.47,12.51
Gotha,Thüringen,LK,9.66,9.73,9.88,10.32,10.45,10.59
Göttingen,Niedersachsen,LK,9.82,9.73,9.72,9.74,9.58,9.57
Grafschaft Bentheim,Niedersachsen,LK,8.42,8.57,8.69,8.7,8.72,8.65
Greiz,Thüringen,LK,7.42,7.77,7.84,7.96,7.8,7.76
Groß-Gerau,Hessen,LK,9.29,9.37,9.5,9.57,9.51,9.61
Günzburg,Bayern,LK,6.66,6.82,7.23,7.43,7.46,7.34
Gütersloh,Nordrhein-Westfalen,K,8.89,8.86,8.88,8.83,8.7,8.69
"Hagen, Stadt der FernUniversität",Nordrhein-Westfalen,KS,14.92,15.03,15.58,16.06,15.86,16.34
"Halle (Saale), Stadt",Sachsen-Anhalt,KS,17.57,17.34,17.13,16.85,16.43,16.35
"Hamburg, Freie und Hansestadt",Hamburg,KS,10.92,10.81,10.57,10.61,10.61,10.62
Hameln-Pyrmont,Niedersachsen,LK,12.23,12.4,12.48,12.73,12.78,12.93
"Hamm, Stadt",Nordrhein-Westfalen,KS,14.15,14.57,14.3,15.13,14.9,14.89
Harburg,Niedersachsen,LK,8.12,8.07,7.92,8.01,7.93,7.94
Harz,Sachsen-Anhalt,LK,11.99,12.42,12.32,12.51,12.39,12.34
Haßberge,Bayern,LK,6.39,6.54,6.39,6.57,6.71,6.75
Havelland,Brandenburg,LK,10.33,10.46,10.48,10.54,10.39,10.29
Heidekreis,Niedersachsen,LK,10.84,10.97,10.8,11.0,10.92,10.98
"Heidelberg, Stadt",Baden-Württemberg,SK,6.29,6.19,6.09,6.23,6.32,6.36
Heidenheim,Baden-Württemberg,LK,7.63,7.8,8.03,8.39,8.46,8.56
Heilbronn,Baden-Württemberg,LK,6.79,6.93,7.01,7.19,7.3,7.48
"Heilbronn, Stadt",Baden-Württemberg,SK,10.51,10.72,10.97,11.17,11.3,11.64
Heinsberg,Nordrhein-Westfalen,K,11.29,11.49,11.42,11.59,11.6,11.66
Helmstedt,Niedersachsen,LK,10.97,11.19,11.17,11.05,11.04,11.21
Herford,Nordrhein-Westfalen,K,10.62,10.79,10.8,10.82,10.78,10.9
"Herne, Stadt",Nordrhein-Westfalen,KS,16.04,16.6,17.07,17.61,17.85,18.06
Hersfeld-Rotenburg,Hessen,LK,9.11,9.19,9.36,9.47,9.4,9.41
Herzogtum Lauenburg,Schleswig-Holstein,K,10.16,10.29,9.73,10.17,10.17,10.23
Hildburghausen,Thüringen,LK,8.01,8.25,8.11,8.27,8.35,8.59
Hildesheim,Niedersachsen,LK,10.98,11.07,11.03,10.97,10.8,10.65
Hochsauerlandkreis,Nordrhein-Westfalen,K,10.37,10.4,10.24,10.24,10.1,10.13
Hochtaunuskreis,Hessen,LK,7.07,7.11,7.17,7.19,7.09,7.03
Hof,Bayern,LK,8.6,8.74,8.74,8.93,8.89,8.89
"Hof, Stadt",Bayern,KS,13.39,13.49,13.62,13.96,14.18,14.02
Hohenlohekreis,Baden-Württemberg,LK,5.88,6.06,6.17,6.34,6.43,6.41
Holzminden,Niedersachsen,LK,11.91,11.93,12.04,12.17,12.18,12.48
Höxter,Nordrhein-Westfalen,K,8.03,8.15,8.18,8.36,8.42,8.57
Ilm-Kreis,Thüringen,LK,9.18,9.21,9.27,9.5,9.49,9.57
"Ingolstadt, Stadt",Bayern,KS,7.27,7.2,7.37,7.27,7.3,7.3
"Jena, Stadt",Thüringen,KS,5.81,5.7,5.73,5.87,5.94,5.91
Jerichower Land,Sachsen-Anhalt,LK,11.74,11.82,11.58,11.9,11.88,11.94
Kaiserslautern,Rheinland-Pfalz,LK,9.93,10.12,10.14,10.5,10.56,10.71
"Kaiserslautern, kreisfreie Stadt",Rheinland-Pfalz,KS,14.6,14.53,14.38,14.81,14.91,14.96
Karlsruhe,Baden-Württemberg,LK,7.12,7.29,7.36,7.69,7.74,7.75
"Karlsruhe, Stadt",Baden-Württemberg,SK,8.7,8.82,9.11,9.51,9.51,9.53
Kassel,Hessen,LK,9.06,9.16,9.19,9.3,9.26,9.28
"Kassel, documenta-Stadt",Hessen,KS,16.32,16.62,16.47,16.37,15.85,15.7
"Kaufbeuren, Stadt",Bayern,KS,10.66,10.55,10.35,10.7,10.84,10.73
Kelheim,Bayern,LK,6.66,6.62,6.56,6.58,6.6,6.55
"Kempten (Allgäu), Stadt",Bayern,KS,10.33,10.16,9.96,10.21,10.15,10.15
"Kiel, Landeshauptstadt",Schleswig-Holstein,KS,12.04,12.03,12.17,12.23,12.16,11.96
Kitzingen,Bayern,LK,6.31,6.52,6.56,6.63,6.73,6.77
Kleve,Nordrhein-Westfalen,K,10.21,10.46,10.38,10.58,10.45,10.57
"Koblenz, kreisfreie Stadt",Rheinland-Pfalz,KS,12.73,12.68,12.17,12.61,12.58,12.45
"Köln, Stadt",Nordrhein-Westfalen,KS,11.8,11.75,11.85,11.84,11.78,11.67
Konstanz,Baden-Württemberg,LK,10.0,10.12,10.15,10.31,10.24,10.18
"Krefeld, Stadt",Nordrhein-Westfalen,KS,14.48,14.8,14.96,15.03,15.09,15.05
Kronach,Bayern,LK,6.86,6.87,6.91,6.89,6.93,6.93
Kulmbach,Bayern,LK,7.39,7.39,7.45,7.5,7.59,7.41
Kusel,Rheinland-Pfalz,LK,9.42,9.73,10.05,10.45,10.67,10.74
Kyffhäuserkreis,Thüringen,LK,10.88,10.97,11.0,11.4,11.4,11.56
Lahn-Dill-Kreis,Hessen,LK,9.29,9.45,9.54,9.53,9.51,9.45
"Landau in der Pfalz, kreisfreie Stadt",Rheinland-Pfalz,KS,9.54,9.26,9.19,9.1,8.86,8.8
,Landkreis Rostock  Mecklenburg-Vorpommern,LK,10.05,10.09,9.7,10.01,9.91,9.84
Landsberg am Lech,Bayern,LK,5.46,5.33,5.47,5.74,5.69,5.75
Landshut,Bayern,LK,5.52,5.46,5.49,5.64,5.65,5.59
"Landshut, Stadt",Bayern,KS,8.2,8.04,7.99,8.39,8.58,8.75
Leer,Niedersachsen,LK,10.67,10.68,10.52,10.66,10.62,10.75
Leipzig,Sachsen,LK,9.32,9.5,9.83,9.94,9.97,9.95
"Leipzig, Stadt",Sachsen,KS,12.91,13.04,13.33,13.5,13.43,13.17
"Leverkusen, Stadt",Nordrhein-Westfalen,KS,11.15,11.3,11.67,11.76,11.77,11.89
Lichtenfels,Bayern,LK,7.01,7.06,7.15,7.3,7.36,7.3
Limburg-Weilburg,Hessen,LK,10.35,10.41,10.67,10.86,11.04,11.17
Lindau (Bodensee),Bayern,LK,7.63,7.51,7.42,7.51,7.65,7.62
Lippe,Nordrhein-Westfalen,K,9.56,9.74,9.85,9.89,9.74,10.01
Lörrach,Baden-Württemberg,LK,8.3,8.48,8.54,8.84,8.82,8.79
"Lübeck, Hansestadt",Schleswig-Holstein,KS,15.25,15.59,15.26,15.29,15.04,14.76
Lüchow-Dannenberg,Niedersachsen,LK,11.55,11.51,10.94,11.46,11.54,11.98
Ludwigsburg,Baden-Württemberg,LK,7.68,7.79,7.88,7.98,7.75,7.63
"Ludwigshafen am Rhein, kreisfreie Stadt",Rheinland-Pfalz,KS,15.26,15.22,15.17,15.27,15.81,15.96
,Ludwigslust-Parchim  Mecklenburg-Vorpommern,LK,9.59,9.86,9.74,10.0,10.11,10.19
Lüneburg,Niedersachsen,LK,9.97,9.96,9.71,9.7,9.47,9.46
"Magdeburg, Landeshauptstadt",Sachsen-Anhalt,KS,14.64,14.76,14.89,14.8,14.63,14.51
Main-Kinzig-Kreis,Hessen,LK,9.85,10.02,10.02,10.18,10.16,10.04
Main-Spessart,Bayern,LK,5.37,5.33,5.4,5.52,5.6,5.62
Main-Tauber-Kreis,Baden-Württemberg,LK,5.76,5.98,6.15,6.2,6.25,6.36
Main-Taunus-Kreis,Hessen,LK,6.88,6.91,7.08,7.1,7.23,7.21
"Mainz, kreisfreie Stadt",Rheinland-Pfalz,KS,8.16,8.05,7.96,7.93,7.9,7.87
Mainz-Bingen,Rheinland-Pfalz,LK,8.28,8.3,8.21,8.26,7.98,7.97
"Mannheim, Universitätsstadt",Baden-Württemberg,SK,13.36,13.43,13.53,14.0,14.14,14.41
Mansfeld-Südharz,Sachsen-Anhalt,LK,11.27,11.62,11.81,12.2,12.22,12.16
Marburg-Biedenkopf,Hessen,LK,8.0,8.01,8.13,8.16,8.04,8.11
Märkischer Kreis,Nordrhein-Westfalen,K,12.4,12.63,12.81,12.86,12.78,12.82
Märkisch-Oderland,Brandenburg,LK,9.88,10.02,9.88,10.03,9.87,9.84
Mayen-Koblenz,Rheinland-Pfalz,LK,9.82,9.84,9.71,9.94,10.03,10.02
,Mecklenburgische Seenplatte  Mecklenburg-Vorpommern,LK,10.5,10.73,10.38,10.43,10.35,10.32
Meißen,Sachsen,LK,8.02,8.35,8.62,8.93,9.01,9.05
"Memmingen, Stadt",Bayern,KS,10.49,10.17,10.24,10.43,10.3,10.11
Merzig-Wadern,Saarland,LK,9.8,9.66,9.42,9.25,9.14,9.15
Mettmann,Nordrhein-Westfalen,K,9.89,10.04,10.28,10.3,10.3,10.32
Miesbach,Bayern,LK,6.89,7.13,7.1,7.24,7.19,7.21
Miltenberg,Bayern,LK,7.78,7.87,7.92,8.13,8.24,8.16
Minden-Lübbecke,Nordrhein-Westfalen,K,10.0,10.08,10.18,10.26,10.2,10.34
Mittelsachsen,Sachsen,LK,8.14,8.51,8.89,9.18,9.31,9.19
"Mönchengladbach, Stadt",Nordrhein-Westfalen,KS,15.81,15.83,15.85,16.01,16.12,16.36
Mühldorf a.Inn,Bayern,LK,7.73,7.71,7.72,7.89,8.02,8.15
"Mülheim an der Ruhr, Stadt",Nordrhein-Westfalen,KS,10.61,10.91,11.16,11.41,11.62,11.61
München,Bayern,LK,6.09,5.94,6.09,6.33,6.47,6.4
"München, Landeshauptstadt",Bayern,KS,8.13,8.01,8.33,8.63,8.92,8.82
"Münster, Stadt",Nordrhein-Westfalen,KS,8.53,8.32,8.39,8.52,8.42,8.54
Neckar-Odenwald-Kreis,Baden-Württemberg,LK,7.4,7.54,7.64,7.83,7.96,7.95
Neuburg-Schrobenhausen,Bayern,LK,4.95,5.04,5.08,5.22,5.41,5.42
Neumarkt i.d.OPf.,Bayern,LK,5.0,5.2,5.23,5.39,5.42,5.36
"Neumünster, Stadt",Schleswig-Holstein,KS,16.61,16.94,17.09,17.54,17.8,18.09
Neunkirchen,Saarland,LK,11.96,12.07,12.17,12.09,11.96,12.12
Neustadt a.d.Aisch-Bad Windsheim,Bayern,LK,6.08,6.25,6.28,6.6,6.84,6.78
Neustadt a.d.Waldnaab,Bayern,LK,5.58,5.79,5.98,6.37,6.58,6.69
"Neustadt an der Weinstraße, kreisfreie Stadt",Rheinland-Pfalz,KS,10.56,10.47,10.65,10.67,10.37,10.38
Neu-Ulm,Bayern,LK,6.94,6.99,7.16,7.37,7.36,7.41
Neuwied,Rheinland-Pfalz,LK,10.69,10.8,10.72,10.84,10.95,10.86
Nienburg (Weser),Niedersachsen,LK,10.26,10.6,10.47,10.89,10.9,10.98
Nordfriesland,Schleswig-Holstein,K,10.09,10.32,9.71,9.99,9.82,9.93
Nordhausen,Thüringen,LK,9.47,9.82,9.81,10.04,10.19,10.42
Nordsachsen,Sachsen,LK,10.14,10.32,10.53,10.97,11.2,11.28
,Nordwestmecklenburg  Mecklenburg-Vorpommern,LK,10.2,10.33,10.33,10.51,10.5,10.48
Northeim,Niedersachsen,LK,10.8,10.98,10.89,10.89,10.66,10.68
"Nürnberg, Stadt",Bayern,KS,10.42,10.52,10.8,11.58,11.93,12.01
Nürnberger Land,Bayern,LK,6.21,6.42,6.64,6.83,6.84,6.72
Oberallgäu,Bayern,LK,6.69,6.62,6.49,6.56,6.48,6.43
Oberbergischer Kreis,Nordrhein-Westfalen,K,10.0,10.29,10.36,10.41,10.28,10.23
"Oberhausen, Stadt",Nordrhein-Westfalen,KS,13.53,13.98,14.7,15.09,15.17,15.19
Oberhavel,Brandenburg,LK,10.12,10.15,10.08,10.04,9.67,9.49
Oberspreewald-Lausitz,Brandenburg,LK,9.13,9.21,9.28,9.39,9.41,9.41
Odenwaldkreis,Hessen,LK,9.55,9.66,9.84,9.92,9.88,9.9
Oder-Spree,Brandenburg,LK,9.44,9.53,9.55,9.67,9.46,9.52
Offenbach,Hessen,LK,9.06,9.02,9.11,9.16,9.16,9.19
"Offenbach am Main, Stadt",Hessen,KS,18.61,18.04,18.01,17.79,17.42,17.42
Oldenburg,Niedersachsen,LK,8.92,8.95,8.85,8.81,8.59,8.52
"Oldenburg (Oldenburg), Stadt",Niedersachsen,KS,11.25,10.98,10.94,10.84,10.6,10.4
Olpe,Nordrhein-Westfalen,K,8.91,8.96,8.79,8.64,8.51,8.64
Ortenaukreis,Baden-Württemberg,LK,7.91,8.02,8.13,8.36,8.39,8.48
Osnabrück,Niedersachsen,LK,8.63,8.69,8.65,8.54,8.4,8.52
"Osnabrück, Stadt",Niedersachsen,KS,11.28,11.39,11.04,11.29,11.06,11.16
Ostalbkreis,Baden-Württemberg,LK,6.85,7.0,7.09,7.24,7.23,7.23
Ostallgäu,Bayern,LK,6.31,6.24,6.18,6.31,6.34,6.3
Osterholz,Niedersachsen,LK,8.78,8.79,8.86,8.84,8.55,8.42
Ostholstein,Schleswig-Holstein,K,10.63,10.8,10.41,10.78,10.62,10.47
Ostprignitz-Ruppin,Brandenburg,LK,11.79,11.96,11.99,12.45,12.46,12.27
Paderborn,Nordrhein-Westfalen,K,9.13,9.16,9.07,9.05,9.07,9.19
Passau,Bayern,LK,6.25,6.34,6.47,6.67,6.7,6.76
"Passau, Stadt",Bayern,KS,8.82,8.86,9.22,9.56,9.85,9.76
Peine,Niedersachsen,LK,9.78,10.0,10.14,10.3,10.33,10.41
Pfaffenhofen a.d.Ilm,Bayern,LK,6.22,6.22,6.15,6.23,6.31,6.38
"Pforzheim, Stadt",Baden-Württemberg,SK,13.19,13.6,13.64,14.66,14.66,14.8
Pinneberg,Schleswig-Holstein,K,9.67,9.64,9.53,9.57,9.6,9.62
"Pirmasens, kreisfreie Stadt",Rheinland-Pfalz,KS,17.73,18.34,18.43,18.38,18.23,18.35
Plön,Schleswig-Holstein,K,8.67,8.88,8.64,9.06,8.95,8.94
"Potsdam, Stadt",Brandenburg,KS,9.24,9.14,9.14,9.09,8.99,8.92
Potsdam-Mittelmark,Brandenburg,LK,7.9,7.84,7.91,7.87,7.65,7.55
Prignitz,Brandenburg,LK,10.52,10.8,10.91,11.27,11.39,11.41
Rastatt,Baden-Württemberg,LK,7.06,7.32,7.51,7.76,7.73,7.75
Ravensburg,Baden-Württemberg,LK,6.6,6.62,6.59,6.92,7.08,7.17
Recklinghausen,Nordrhein-Westfalen,K,12.18,12.55,12.8,12.84,12.99,13.15
Regen,Bayern,LK,6.03,6.02,6.1,6.32,6.55,6.57
Regensburg,Bayern,LK,5.57,5.66,5.79,6.0,5.97,5.84
"Regensburg, Stadt",Bayern,KS,9.86,9.75,9.91,10.12,9.91,9.53
Region Hannover,Niedersachsen,LK,12.01,11.93,11.83,11.73,11.5,11.45
Regionalverband Saarbrücken,Saarland,SV,14.13,14.17,14.24,14.34,14.42,14.52
"Remscheid, Stadt",Nordrhein-Westfalen,KS,13.51,13.58,13.52,13.98,13.89,14.1
Rems-Murr-Kreis,Baden-Württemberg,LK,7.87,8.12,8.25,8.36,8.19,8.04
Rendsburg-Eckernförde,Schleswig-Holstein,K,9.16,9.17,8.99,9.26,9.41,9.38
Reutlingen,Baden-Württemberg,LK,7.24,7.32,7.32,7.65,7.81,8.0
Rhein-Erft-Kreis,Nordrhein-Westfalen,K,10.84,10.96,11.23,11.31,11.37,11.4
Rheingau-Taunus-Kreis,Hessen,LK,7.77,7.89,7.99,8.13,8.1,8.14
Rhein-Hunsrück-Kreis,Rheinland-Pfalz,LK,8.18,8.33,8.16,8.56,8.46,8.45
Rheinisch-Bergischer Kreis,Nordrhein-Westfalen,K,8.77,8.87,8.94,9.04,9.04,9.03
Rhein-Kreis Neuss,Nordrhein-Westfalen,K,10.52,10.79,10.68,10.73,10.52,10.62
Rhein-Lahn-Kreis,Rheinland-Pfalz,LK,10.03,10.28,10.32,10.95,10.87,10.79
Rhein-Neckar-Kreis,Baden-Württemberg,LK,7.9,8.03,8.05,8.16,8.17,8.14
Rhein-Pfalz-Kreis,Rheinland-Pfalz,LK,7.95,7.92,7.93,7.93,7.87,7.77
Rhein-Sieg-Kreis,Nordrhein-Westfalen,K,8.96,8.96,8.97,9.0,8.85,8.84
Rhön-Grabfeld,Bayern,LK,5.34,5.33,5.2,5.5,5.73,5.88
Rosenheim,Bayern,LK,6.02,6.03,6.14,6.55,6.6,6.63
"Rosenheim, Stadt",Bayern,KS,9.2,9.32,9.78,10.08,10.36,10.38
,Rostock  Mecklenburg-Vorpommern,KS,11.46,11.34,11.11,11.0,10.79,10.64
Rotenburg (Wümme),Niedersachsen,LK,9.44,9.39,9.28,9.33,9.29,9.19
Roth,Bayern,LK,5.5,5.6,5.72,5.78,5.75,5.59
Rottal-Inn,Bayern,LK,5.81,5.76,5.85,6.07,6.31,6.59
Rottweil,Baden-Württemberg,LK,7.11,7.59,7.88,8.0,8.03,7.99
Saale-Holzland-Kreis,Thüringen,LK,7.4,7.4,7.34,7.46,7.43,7.5
Saalekreis,Sachsen-Anhalt,LK,11.3,11.45,11.49,11.66,11.6,11.59
Saale-Orla-Kreis,Thüringen,LK,7.48,7.56,7.47,7.56,7.52,7.47
Saalfeld-Rudolstadt,Thüringen,LK,7.45,7.81,7.92,8.11,8.18,8.23
Saarlouis,Saarland,LK,9.81,9.92,9.96,9.94,9.79,9.93
Saarpfalz-Kreis,Saarland,LK,9.08,9.21,9.21,9.16,9.06,9.11
Sächsische Schweiz-Osterzgebirge,Sachsen,LK,7.44,7.81,7.97,8.31,8.33,8.32
"Salzgitter, Stadt",Niedersachsen,KS,12.16,12.51,12.85,12.95,13.24,13.49
Salzlandkreis,Sachsen-Anhalt,LK,12.33,12.54,12.62,12.86,12.95,13.1
Schaumburg,Niedersachsen,LK,11.54,11.58,11.7,11.76,11.79,11.71
Schleswig-Flensburg,Schleswig-Holstein,K,10.45,10.67,10.33,10.55,10.64,10.61
Schmalkalden-Meiningen,Thüringen,LK,8.92,9.11,9.0,9.44,9.54,9.54
"Schwabach, Stadt",Bayern,KS,7.65,7.57,7.86,8.0,8.08,7.86
Schwäbisch Hall,Baden-Württemberg,LK,6.6,6.67,6.74,7.08,7.12,7.12
Schwalm-Eder-Kreis,Hessen,LK,9.65,9.8,9.81,10.04,10.02,10.06
Schwandorf,Bayern,LK,6.79,6.83,6.93,7.03,7.23,7.32
Schwarzwald-Baar-Kreis,Baden-Württemberg,LK,8.81,8.97,9.12,9.17,9.24,9.3
Schweinfurt,Bayern,LK,4.81,4.92,5.03,5.06,5.06,5.12
"Schweinfurt, Stadt",Bayern,KS,9.67,9.96,10.23,10.33,10.72,10.67
,Schwerin  Mecklenburg-Vorpommern,KS,13.42,13.8,14.11,13.95,13.47,13.55
Segeberg,Schleswig-Holstein,K,10.11,10.08,9.68,9.97,9.86,9.82
Siegen-Wittgenstein,Nordrhein-Westfalen,K,9.1,9.25,9.27,9.36,9.28,9.44
Sigmaringen,Baden-Württemberg,LK,8.88,9.0,9.02,9.21,9.11,9.16
Soest,Nordrhein-Westfalen,K,10.3,10.49,10.57,10.61,10.31,10.25
"Solingen, Klingenstadt",Nordrhein-Westfalen,KS,13.53,14.18,14.27,14.48,14.57,14.85
Sömmerda,Thüringen,LK,9.03,9.21,9.22,9.49,9.47,9.54
Sonneberg,Thüringen,LK,8.83,8.81,8.71,8.82,8.87,8.93
"Speyer, kreisfreie Stadt",Rheinland-Pfalz,KS,10.71,10.71,10.65,10.62,10.76,10.75
Spree-Neiße,Brandenburg,LK,8.87,9.07,9.12,9.34,9.34,9.38
St. Wendel,Saarland,LK,7.87,8.01,7.98,7.86,7.79,7.86
Stade,Niedersachsen,LK,9.1,9.16,9.07,9.28,9.28,9.3
Starnberg,Bayern,LK,5.98,5.8,6.06,6.27,6.32,6.3
Steinburg,Schleswig-Holstein,K,11.43,11.66,11.85,12.12,12.18,12.15
Steinfurt,Nordrhein-Westfalen,K,8.85,8.93,8.93,8.93,8.81,8.81
Stendal,Sachsen-Anhalt,LK,11.92,12.15,12.17,12.49,12.42,12.33
Stormarn,Schleswig-Holstein,K,7.99,7.93,7.65,7.69,7.63,7.55
"Straubing, Stadt",Bayern,KS,9.99,10.19,10.23,11.5,11.6,11.69
Straubing-Bogen,Bayern,LK,5.09,5.17,5.06,5.26,5.37,5.38
"Stuttgart, Landeshauptstadt",Baden-Württemberg,SK,10.72,10.92,10.67,11.12,10.5,10.14
Südliche Weinstraße,Rheinland-Pfalz,LK,7.93,7.94,7.88,7.99,7.92,7.85
Südwestpfalz,Rheinland-Pfalz,LK,7.91,8.08,8.02,8.26,8.3,8.3
"Suhl, Stadt",Thüringen,KS,10.03,10.11,10.26,10.37,10.55,10.81
Teltow-Fläming,Brandenburg,LK,10.81,10.88,10.93,10.79,10.63,10.54
Tirschenreuth,Bayern,LK,5.77,5.66,5.69,5.87,5.92,5.96
Traunstein,Bayern,LK,5.59,5.62,5.65,5.78,5.91,5.93
"Trier, kreisfreie Stadt",Rheinland-Pfalz,KS,10.14,10.12,10.11,10.19,9.94,10.52
Trier-Saarburg,Rheinland-Pfalz,LK,6.76,6.73,6.51,6.59,6.6,6.64
Tübingen,Baden-Württemberg,LK,5.52,5.59,5.67,5.91,6.0,6.02
Tuttlingen,Baden-Württemberg,LK,8.55,8.83,8.93,9.17,9.32,9.32
Uckermark,Brandenburg,LK,9.57,9.85,9.85,10.24,10.29,10.23
Uelzen,Niedersachsen,LK,11.6,11.87,11.8,11.9,11.77,11.88
"Ulm, Universitätsstadt",Baden-Württemberg,SK,7.74,7.84,7.72,8.3,8.44,8.63
Unna,Nordrhein-Westfalen,K,11.26,11.43,11.51,11.68,11.68,11.8
Unstrut-Hainich-Kreis,Thüringen,LK,9.8,9.95,9.79,9.96,9.91,10.21
Unterallgäu,Bayern,LK,6.03,5.97,5.87,6.08,6.19,6.1
Vechta,Niedersachsen,LK,7.94,7.98,8.12,8.15,8.14,8.34
Verden,Niedersachsen,LK,8.99,8.99,8.89,8.99,8.94,8.8
Viersen,Nordrhein-Westfalen,K,10.41,10.3,10.19,10.34,10.27,10.23
Vogelsbergkreis,Hessen,LK,8.41,8.87,9.0,9.22,9.27,9.7
Vogtlandkreis,Sachsen,LK,9.35,10.0,10.39,10.41,10.43,10.24
,Vorpommern-Greifswald  Mecklenburg-Vorpommern,LK,9.78,9.96,9.54,9.73,9.71,10.02
,Vorpommern-Rügen  Mecklenburg-Vorpommern,LK,10.72,11.02,10.72,10.95,10.88,10.92
Vulkaneifel,Rheinland-Pfalz,LK,8.32,8.35,8.07,8.5,8.52,8.58
Waldeck-Frankenberg,Hessen,LK,9.71,9.88,9.97,9.97,9.84,9.79
Waldshut,Baden-Württemberg,LK,8.16,8.45,8.53,8.84,9.01,9.15
Warendorf,Nordrhein-Westfalen,K,8.74,8.9,8.97,9.03,8.95,8.95
Wartburgkreis,Thüringen,LK,7.53,7.68,7.86,8.01,8.05,8.01
"Weiden i.d.OPf., Stadt",Bayern,KS,10.74,10.95,11.08,11.58,11.74,11.43
Weilheim-Schongau,Bayern,LK,6.5,6.44,6.56,6.61,6.75,6.67
"Weimar, Stadt",Thüringen,KS,10.79,10.49,10.58,10.63,10.75,10.74
Weimarer Land,Thüringen,LK,9.3,9.36,9.37,9.54,9.49,9.46
Weißenburg-Gunzenhausen,Bayern,LK,6.67,6.69,6.75,7.04,7.1,7.16
Werra-Meißner-Kreis,Hessen,LK,10.92,11.17,11.34,11.56,11.42,11.61
Wesel,Nordrhein-Westfalen,K,9.5,9.61,9.7,9.96,9.98,10.07
Wesermarsch,Niedersachsen,LK,11.1,11.27,11.17,11.27,11.25,11.14
Westerwaldkreis,Rheinland-Pfalz,LK,10.77,10.94,10.66,11.01,10.98,10.91
Wetteraukreis,Hessen,LK,9.75,9.92,9.87,9.88,9.77,10.07
"Wiesbaden, Landeshauptstadt",Hessen,KS,16.18,16.27,16.01,16.77,16.66,17.02
"Wilhelmshaven, Stadt",Niedersachsen,KS,16.22,16.74,16.8,16.9,17.03,17.07
Wittenberg,Sachsen-Anhalt,LK,9.96,10.29,10.23,10.42,10.48,10.56
Wittmund,Niedersachsen,LK,10.51,10.6,10.49,10.75,10.55,10.57
Wolfenbüttel,Niedersachsen,LK,9.13,9.22,9.19,9.25,9.1,9.09
"Wolfsburg, Stadt",Niedersachsen,KS,8.17,7.99,8.03,7.79,7.69,7.74
"Worms, kreisfreie Stadt",Rheinland-Pfalz,KS,15.52,15.99,16.1,15.98,15.53,15.24
Wunsiedel i.Fichtelgebirge,Bayern,LK,8.58,8.76,8.81,9.11,9.15,9.3
"Wuppertal, Stadt",Nordrhein-Westfalen,KS,17.89,17.77,17.97,18.08,18.38,18.42
Würzburg,Bayern,LK,5.15,5.19,5.31,5.38,5.4,5.44
"Würzburg, Stadt",Bayern,KS,7.01,7.0,7.08,7.55,7.74,7.86
Zollernalbkreis,Baden-Württemberg,LK,7.55,7.75,7.97,8.23,8.36,8.62
"Zweibrücken, kreisfreie Stadt",Rheinland-Pfalz,KS,12.01,12.03,12.09,12.65,12.64,12.55
Zwickau,Sachsen,LK,8.62,9.18,9.58,9.79,9.9,9.79
,,,9.81,9.9,9.92,10.06,10.04,10.04
